articleName,articleUrl
SpringFramework/1_CoreSpringConcepts/1_.md,https://github.com/krutikpatel/tech-revision-notes/blob/main/SpringFramework/1_CoreSpringConcepts/1_.md
SpringFramework/1_CoreSpringConcepts/2_applicationContext.md,https://github.com/krutikpatel/tech-revision-notes/blob/main/SpringFramework/1_CoreSpringConcepts/2_applicationContext.md
SpringFramework/1_CoreSpringConcepts/3_configAndProfilesAndProperties.md,https://github.com/krutikpatel/tech-revision-notes/blob/main/SpringFramework/1_CoreSpringConcepts/3_configAndProfilesAndProperties.md
SpringFramework/2_ExceptionHandling/1_exceptionHandler.md,https://github.com/krutikpatel/tech-revision-notes/blob/main/SpringFramework/2_ExceptionHandling/1_exceptionHandler.md
SpringFramework/2_ExceptionHandling/2_controllerAdvise.md,https://github.com/krutikpatel/tech-revision-notes/blob/main/SpringFramework/2_ExceptionHandling/2_controllerAdvise.md
SpringFramework/3_FiltersAndInterceptors/0_singleTutorial.md,https://github.com/krutikpatel/tech-revision-notes/blob/main/SpringFramework/3_FiltersAndInterceptors/0_singleTutorial.md
SpringFramework/3_FiltersAndInterceptors/1_requestPreprocessingFilterExample.md,https://github.com/krutikpatel/tech-revision-notes/blob/main/SpringFramework/3_FiltersAndInterceptors/1_requestPreprocessingFilterExample.md
SpringFramework/3_FiltersAndInterceptors/2_metricsCollectionFilterExample.md,https://github.com/krutikpatel/tech-revision-notes/blob/main/SpringFramework/3_FiltersAndInterceptors/2_metricsCollectionFilterExample.md
SpringFramework/3_FiltersAndInterceptors/3_WebFilter.md,https://github.com/krutikpatel/tech-revision-notes/blob/main/SpringFramework/3_FiltersAndInterceptors/3_WebFilter.md
SpringFramework/3_FiltersAndInterceptors/4_classesAroundWebFilter.md,https://github.com/krutikpatel/tech-revision-notes/blob/main/SpringFramework/3_FiltersAndInterceptors/4_classesAroundWebFilter.md
SpringFramework/3_FiltersAndInterceptors/filters_topics.md,https://github.com/krutikpatel/tech-revision-notes/blob/main/SpringFramework/3_FiltersAndInterceptors/filters_topics.md
SpringFramework/4_dataAccessAndPersistence/1_SpringDataJPA,https://github.com/krutikpatel/tech-revision-notes/blob/main/SpringFramework/4_dataAccessAndPersistence/1_SpringDataJPA
SpringFramework/4_dataAccessAndPersistence/2_queryCriteriaEtc.md,https://github.com/krutikpatel/tech-revision-notes/blob/main/SpringFramework/4_dataAccessAndPersistence/2_queryCriteriaEtc.md
SpringFramework/4_dataAccessAndPersistence/3_paginationSortingEtc.md,https://github.com/krutikpatel/tech-revision-notes/blob/main/SpringFramework/4_dataAccessAndPersistence/3_paginationSortingEtc.md
SpringFramework/4_dataAccessAndPersistence/4_lazyEagerFeatchingetc.md,https://github.com/krutikpatel/tech-revision-notes/blob/main/SpringFramework/4_dataAccessAndPersistence/4_lazyEagerFeatchingetc.md
SpringFramework/5_databaseIntegration/1_sqlDbAndConnectionPooling.md,https://github.com/krutikpatel/tech-revision-notes/blob/main/SpringFramework/5_databaseIntegration/1_sqlDbAndConnectionPooling.md
SpringFramework/5_databaseIntegration/2_nosqlPlustMultipleDataSources.md,https://github.com/krutikpatel/tech-revision-notes/blob/main/SpringFramework/5_databaseIntegration/2_nosqlPlustMultipleDataSources.md
SpringFramework/5_databaseIntegration/3_redisCaching.md,https://github.com/krutikpatel/tech-revision-notes/blob/main/SpringFramework/5_databaseIntegration/3_redisCaching.md
SpringFramework/6_restTemplates/1_restTemplates.md,https://github.com/krutikpatel/tech-revision-notes/blob/main/SpringFramework/6_restTemplates/1_restTemplates.md
SpringFramework/prompt.md,https://github.com/krutikpatel/tech-revision-notes/blob/main/SpringFramework/prompt.md
SpringFramework/spring-boot-rest-api-study-guide.md,https://github.com/krutikpatel/tech-revision-notes/blob/main/SpringFramework/spring-boot-rest-api-study-guide.md
